bin_size,cluster_size,kernel_execution_time(ms)
65536,2,0.006112
65536,4,0.00496
65536,8,0.005536
65536,16,0.005216
131072,2,0.005248
131072,4,0.00544
131072,8,0.005824
131072,16,0.006272
262144,2,0.005248
262144,4,0.006304
262144,8,0.00528
262144,16,0.00532
524288,2,0.005344
524288,4,0.00544
524288,8,0.005632
524288,16,0.005312 

